{
    "name": "ezdz",
    "version": "0.4.2",
    "title": "Ezdz [izy-dizy]",
    "description": "A jQuery plugin to turn standard input type file into a nice drag&drop zone with validators and previews.",
    "homepage": "https://github.com/jaysalvat/ezdz",
    "bugs": "https://github.com/jaysalvat/ezdz/issues",
    "download": "https://github.com/jaysalvat/ezdz/archive/master.zip",
    "keywords": [
        "file",
        "form",
        "drag",
        "drop",
        "preview",
        "upload"
    ],
    "author": {
        "name": "Jay Salvat",
        "url": "http://jaysalvat.com"
    },
    "licenses": [
        {
            "type": "MIT",
            "url": "https://github.com/jaysalvat/ezdz/blob/master/MIT-LICENSE"
        }
    ],
    "dependencies": {
        "jquery": ">=1.8"
    }
}